,time_code,site_code,site_name,unique_code,date,time,lat_n,long_e,water_temp,salinity
S001,BP01,St01,Isumi,BP01-St01-Isumi,2017/08/28,7:00,35.20274,140.39362,26.6,33.6
S002,BP01,St02,Katsuura,BP01-St02-Katuura,2017/08/28,8:00,35.14075,140.29029,26.1,34.2
S003,BP01,St03,Kominato,BP01-St03-Kominato,2017/08/28,8:35,35.1194,140.18449,26.3,33.7
S004,BP01,St04,Emi,BP01-St04-Emi,2017/08/28,9:40,35.05605,140.07296,26.8,34.2
S005,BP01,St05,Chikura,BP01-St05-Chikura,2017/08/28,10:50,34.94277,139.96443,27.6,35.5
S006,BP01,St06,Mera,BP01-St06-Mera,2017/08/28,11:50,34.91084,139.82427,28,35.3
S007,BP01,St07,Banda,BP01-St07-Banda,2017/08/28,12:50,34.9758,139.76752,28.3,36
S008,BP01,St08,Taibusa,BP01-St08-Taibusa,2017/08/29,5:30,35.03524,139.8159,25.4,34.6
S009,BP01,St09,Nishigasaki,BP01-St09-Nishigasaki,2017/08/29,8:25,35.1016,139.82471,26.3,33.8
S010,BP01,St10,Myogane,BP01-St10-Myogane,2017/08/29,9:15,35.1548,139.81796,26,34.5
S011,BP01,St11,Tsuhama,BP01-St11-Tsuhama,2017/08/29,9:45,35.27181,139.84696,NA,NA
S012,BP02,St01,Isumi,BP02-St01-Isumi,2017/09/14,6:45,35.20274,140.39362,24,29.8
S013,BP02,St02,Katsuura,BP02-St02-Katuura,2017/09/14,7:45,35.14075,140.29029,24.8,33.8
S014,BP02,St03,Kominato,BP02-St03-Kominato,2017/09/14,8:25,35.11952,140.18497,25,34.3
S015,BP02,St04,Emi,BP02-St04-Emi,2017/09/14,9:25,35.05673,140.07402,26.2,34.3
S016,BP02,St05,Chikura,BP02-St05-Chikura,2017/09/14,10:30,34.94292,139.96486,27.5,33
S017,BP02,St06,Mera,BP02-St06-Mera,2017/09/14,11:35,34.91083,139.82424,25.5,29.6
S018,BP02,St07,Banda,BP02-St07-Banda,2017/09/14,12:50,34.9758,139.76749,26.9,35.7
S019,BP02,St08,Taibusa,BP02-St08-Taibusa,2017/09/14,14:00,35.03525,139.81589,26.4,35.5
S020,BP02,St09,Nishigasaki,BP02-St09-Nishigasaki,2017/09/15,6:25,35.10198,139.82515,23.8,34.1
S021,BP02,St10,Myogane,BP02-St10-Myogane,2017/09/15,7:10,35.15473,139.81813,23.9,33.5
S022,BP02,St11,Tsuhama,BP02-St11-Tsuhama,2017/09/15,7:55,35.20667,139.83755,24.2,34
S023,BP03,St01,Isumi,BP03-St01-Isumi,2017/09/29,7:50,35.20333,140.39288,23.2,31.1
S024,BP03,St02,Katsuura,BP03-St02-Katuura,2017/09/29,8:50,35.1408,140.2903,24.5,33.4
S025,BP03,St03,Kominato,BP03-St03-Kominato,2017/09/29,9:40,35.11944,140.1846,24,34.3
S026,BP03,St04,Emi,BP03-St04-Emi,2017/09/29,10:40,35.0567,140.07289,24.7,34.4
S027,BP03,St05,Chikura,BP03-St05-Chikura,2017/09/29,11:40,34.94277,139.96441,25.2,34.2
S028,BP03,St06,Mera,BP03-St06-Mera,2017/09/29,13:10,34.91122,139.82439,26.2,35
S029,BP03,St07,Banda,BP03-St07-Banda,2017/09/29,13:50,34.9758,139.76749,26.7,30.8
S030,BP03,St08,Taibusa,BP03-St08-Taibusa,2017/09/30,6:35,35.03515,139.81586,23.9,32.4
S031,BP03,St09,Nishigasaki,BP03-St09-Nishigasaki,2017/09/30,7:30,35.1022,139.82511,23.8,33
S032,BP03,St10,Myogane,BP03-St10-Myogane,2017/09/30,8:15,35.15477,139.81795,23.7,33.1
S033,BP03,St11,Tsuhama,BP03-St11-Tsuhama,2017/09/30,8:55,35.20668,139.83754,22.8,31
S034,BP04,St01,Isumi,BP04-St01-Isumi,2017/10/12,8:25,35.20286,140.39344,23.9,32.8
S035,BP04,St02,Katsuura,BP04-St02-Katuura,2017/10/12,9:20,35.14088,140.2902,26.2,34.7
S036,BP04,St03,Kominato,BP04-St03-Kominato,2017/10/12,10:05,35.11964,140.18501,25.4,34.8
S037,BP04,St04,Emi,BP04-St04-Emi,2017/10/12,11:10,35.0577,140.07494,27.2,35.3
S038,BP04,St05,Chikura,BP04-St05-Chikura,2017/10/12,12:15,34.94291,139.96458,26.7,34.9
S039,BP04,St06,Mera,BP04-St06-Mera,2017/10/12,13:10,34.91081,139.82427,25.7,34.8
S040,BP04,St07,Banda,BP04-St07-Banda,2017/10/12,14:05,34.97581,139.76748,26.4,34.8
S041,BP04,St08,Taibusa,BP04-St08-Taibusa,2017/10/13,6:00,35.03531,139.81587,23.1,33.4
S042,BP04,St09,Nishigasaki,BP04-St09-Nishigasaki,2017/10/13,8:50,35.10226,139.82505,21.6,33.3
S043,BP04,St10,Myogane,BP04-St10-Myogane,2017/10/13,9:25,35.15477,139.81798,22,33
S044,BP04,St11,Tsuhama,BP04-St11-Tsuhama,2017/10/13,10:00,35.20651,139.83761,21.1,31.5
S045,BP05,St01,Isumi,BP05-St01-Isumi,2017/10/25,8:30,35.20526,140.3926,18.5,31.5
S046,BP05,St02,Katsuura,BP05-St02-Katuura,2017/10/25,9:20,35.14086,140.29017,18.1,32
S047,BP05,St03,Kominato,BP05-St03-Kominato,2017/10/25,10:10,35.11941,140.18454,17.3,32.3
S048,BP05,St04,Emi,BP05-St04-Emi,2017/10/25,11:05,35.05678,140.07377,17.6,32.5
S049,BP05,St05,Chikura,BP05-St05-Chikura,2017/10/25,12:00,34.94274,139.9643,17.2,32.3
S050,BP05,St06,Mera,BP05-St06-Mera,2017/10/25,13:00,34.91078,139.82447,17.8,32.8
S051,BP05,St07,Banda,BP05-St07-Banda,2017/10/25,13:55,34.97596,139.76871,19.3,32.7
S052,BP05,St08,Taibusa,BP05-St08-Taibusa,2017/10/25,15:15,35.03522,139.81606,19.8,32.8
S053,BP05,St09,Nishigasaki,BP05-St09-Nishigasaki,2017/10/26,6:25,35.10218,139.82513,20.1,31.9
S054,BP05,St10,Myogane,BP05-St10-Myogane,2017/10/26,7:05,35.1548,139.81797,19.5,31.9
S055,BP05,St11,Tsuhama,BP05-St11-Tsuhama,2017/10/26,7:50,35.20651,139.83752,16.8,27.9
S056,BP06,St01,Isumi,BP06-St01-Isumi,2017/11/10,8:40,35.20255,140.39356,18.7,32.8
S057,BP06,St02,Katsuura,BP06-St02-Katuura,2017/11/10,9:40,35.14079,140.29009,20.7,33.6
S058,BP06,St03,Kominato,BP06-St03-Kominato,2017/11/10,10:25,35.11938,140.18452,21.4,34
S059,BP06,St04,Emi,BP06-St04-Emi,2017/11/10,11:25,35.05691,140.07396,21.3,34.4
S060,BP06,St05,Chikura,BP06-St05-Chikura,2017/11/10,12:35,34.94276,139.96445,20.3,34.3
S061,BP06,St06,Mera,BP06-St06-Mera,2017/11/10,13:35,34.91084,139.82424,22.2,34
S062,BP06,St07,Banda,BP06-St07-Banda,2017/11/10,14:25,34.97578,139.76751,21.8,33.7
S063,BP06,St08,Taibusa,BP06-St08-Taibusa,2017/11/11,9:50,35.03559,139.81662,21.7,33
S064,BP06,St09,Nishigasaki,BP06-St09-Nishigasaki,2017/11/11,10:40,35.10311,139.82637,21.3,33.7
S065,BP06,St10,Myogane,BP06-St10-Myogane,2017/11/11,11:15,35.15523,139.8184,21.6,33.8
S066,BP06,St11,Tsuhama,BP06-St11-Tsuhama,2017/11/11,11:50,35.20598,139.83683,19.6,33.2
S067,BP07,St01,Isumi,BP07-St01-Isumi,2017/11/26,8:35,35.20278,140.3935,16,31.6
S068,BP07,St02,Katsuura,BP07-St02-Katuura,2017/11/26,9:20,35.14088,140.29008,16.4,33.7
S069,BP07,St03,Kominato,BP07-St03-Kominato,2017/11/26,10:05,35.11952,140.18494,16.9,33.4
S070,BP07,St04,Emi,BP07-St04-Emi,2017/11/26,11:05,35.05668,140.07401,18,33.7
S071,BP07,St05,Chikura,BP07-St05-Chikura,2017/11/26,12:10,34.94294,139.9646,18,33.5
S072,BP07,St06,Mera,BP07-St06-Mera,2017/11/26,13:10,34.91088,139.82438,16.6,33.4
S073,BP07,St07,Banda,BP07-St07-Banda,2017/11/26,14:00,34.97579,139.7675,17.2,33.3
S074,BP07,St08,Taibusa,BP07-St08-Taibusa,2017/11/27,8:30,35.03554,139.81563,15.9,32.1
S075,BP07,St09,Nishigasaki,BP07-St09-Nishigasaki,2017/11/27,9:30,35.1022,139.82512,15.7,31.8
S076,BP07,St10,Myogane,BP07-St10-Myogane,2017/11/27,10:20,35.15495,139.81822,15.3,31.5
S077,BP07,St11,Tsuhama,BP07-St11-Tsuhama,2017/11/27,11:00,35.20668,139.83772,14.5,31.1
S078,BP08,St01,Isumi,BP08-St01-Isumi,2017/12/10,8:20,35.20272,140.39362,13.1,31.5
S079,BP08,St02,Katsuura,BP08-St02-Katuura,2017/12/10,9:05,35.14086,140.29019,18,32.8
S080,BP08,St03,Kominato,BP08-St03-Kominato,2017/12/10,9:50,35.1196,140.18562,NA,NA
S081,BP08,St04,Emi,BP08-St04-Emi,2017/12/10,10:50,35.05772,140.07494,16.4,33.1
S082,BP08,St05,Chikura,BP08-St05-Chikura,2017/12/10,11:50,34.94296,139.96459,16.7,32.3
S083,BP08,St06,Mera,BP08-St06-Mera,2017/12/10,12:40,34.91088,139.82441,16.6,33.4
S084,BP08,St07,Banda,BP08-St07-Banda,2017/12/10,13:30,34.97519,139.76752,15.3,33.3
S085,BP08,St08,Taibusa,BP08-St08-Taibusa,2017/12/11,8:00,35.03556,139.81572,16.8,32.8
S086,BP08,St09,Nishigasaki,BP08-St09-Nishigasaki,2017/12/11,8:50,35.10214,139.82536,15.5,33
S087,BP08,St10,Myogane,BP08-St10-Myogane,2017/12/11,9:30,35.15485,139.81828,15.4,32.9
S088,BP08,St11,Tsuhama,BP08-St11-Tsuhama,2017/12/11,10:15,35.2064,139.83733,15.6,32.9
S089,BP09,St01,Isumi,BP09-St01-Isumi,2017/12/25,8:25,35.2036,140.39283,15.6,32.1
S090,BP09,St02,Katsuura,BP09-St02-Katuura,2017/12/25,9:10,35.14086,140.2901,16.3,32.7
S091,BP09,St03,Kominato,BP09-St03-Kominato,2017/12/25,10:00,35.12083,140.18459,18.1,33.4
S092,BP09,St04,Emi,BP09-St04-Emi,2017/12/25,10:55,35.05786,140.07442,18.2,33.8
S093,BP09,St05,Chikura,BP09-St05-Chikura,2017/12/25,11:55,34.94295,139.96458,18.5,32.3
S094,BP09,St06,Mera,BP09-St06-Mera,2017/12/25,12:55,34.91088,139.82441,17.5,33.8
S095,BP09,St07,Banda,BP09-St07-Banda,2017/12/25,13:50,34.97577,139.76752,17.4,33.6
S096,BP09,St08,Taibusa,BP09-St08-Taibusa,2017/12/26,7:20,35.03531,139.81637,14.9,31.6
S097,BP09,St09,Nishigasaki,BP09-St09-Nishigasaki,2017/12/26,8:20,35.10212,139.82539,14.2,31.7
S098,BP09,St10,Myogane,BP09-St10-Myogane,2017/12/26,9:00,35.15478,139.81802,15.8,32.1
S099,BP09,St11,Tsuhama,BP09-St11-Tsuhama,2017/12/26,9:40,35.20639,139.83725,11.3,31.7
S100,BP10,St01,Isumi,BP10-St01-Isumi,2018/01/08,8:10,35.20328,140.39295,14.6,32.2
S101,BP10,St02,Katsuura,BP10-St02-Katuura,2018/01/08,9:05,35.14086,140.2901,14.7,32.5
S102,BP10,St03,Kominato,BP10-St03-Kominato,2018/01/08,9:45,35.1195,140.18467,15.8,32.7
S103,BP10,St04,Emi,BP10-St04-Emi,2018/01/08,10:40,35.05769,140.07494,15.8,33
S104,BP10,St05,Chikura,BP10-St05-Chikura,2018/01/08,11:35,34.94294,139.96459,16,33.3
S105,BP10,St06,Mera,BP10-St06-Mera,2018/01/08,12:30,34.91083,139.82427,15.7,33.2
S106,BP10,St07,Banda,BP10-St07-Banda,2018/01/08,13:20,34.97577,139.76745,15.5,33.3
S107,BP10,St08,Taibusa,BP10-St08-Taibusa,2018/01/09,8:20,35.03558,139.81666,15.9,33.1
S108,BP10,St09,Nishigasaki,BP10-St09-Nishigasaki,2018/01/09,9:15,35.10167,139.82501,16,33.4
S109,BP10,St10,Myogane,BP10-St10-Myogane,2018/01/09,9:55,35.15541,139.81837,16,31.5
S110,BP10,St11,Tsuhama,BP10-St11-Tsuhama,2018/01/09,10:30,35.20597,139.83692,14.4,33
S111,BP11,St01,Isumi,BP11-St01-Isumi,2018/01/24,9:35,35.20361,140.39287,13.3,33.4
S112,BP11,St02,Katsuura,BP11-St02-Katuura,2018/01/24,10:25,35.14086,140.2901,12.7,32.9
S113,BP11,St03,Kominato,BP11-St03-Kominato,2018/01/24,11:10,35.11942,140.18456,13.1,31.8
S114,BP11,St04,Emi,BP11-St04-Emi,2018/01/24,12:00,35.05765,140.07505,10.8,31.8
S115,BP11,St05,Chikura,BP11-St05-Chikura,2018/01/24,13:00,34.94298,139.96464,12.7,32
S116,BP11,St06,Mera,BP11-St06-Mera,2018/01/24,13:50,34.91076,139.82466,12.7,32.4
S117,BP11,St07,Banda,BP11-St07-Banda,2018/01/24,14:40,34.97577,139.76745,11.8,31.9
S118,BP11,St08,Taibusa,BP11-St08-Taibusa,2018/01/25,7:10,35.03524,139.81587,12.3,35.5
S119,BP11,St09,Nishigasaki,BP11-St09-Nishigasaki,2018/01/25,8:10,35.1022,139.82512,14.1,28.8
S120,BP11,St10,Myogane,BP11-St10-Myogane,2018/01/25,8:55,35.15478,139.81801,14.1,30.1
S121,BP11,St11,Tsuhama,BP11-St11-Tsuhama,2018/01/25,9:40,35.20637,139.83725,10.1,29.9
S122,BP12,St01,Isumi,BP12-St01-Isumi,2018/02/07,10:50,35.20271,140.39364,14.2,33.4
S123,BP12,St02,Katsuura,BP12-St02-Katuura,2018/02/07,9:55,35.14086,140.2901,14.3,32.4
S124,BP12,St03,Kominato,BP12-St03-Kominato,2018/02/07,9:10,35.11941,140.18456,14.6,31.3
S125,BP12,St04,Emi,BP12-St04-Emi,2018/02/07,8:15,35.0577,140.07497,11.4,31.2
S126,BP12,St05,Chikura,BP12-St05-Chikura,2018/02/07,7:15,34.94292,139.96457,12.2,30.7
S127,BP12,St06,Mera,BP12-St06-Mera,2018/02/06,16:25,34.91076,139.82447,12.4,32.1
S128,BP12,St07,Banda,BP12-St07-Banda,2018/02/06,15:35,34.97577,139.76745,14,32.1
S129,BP12,St08,Taibusa,BP12-St08-Taibusa,2018/02/06,14:30,35.03531,139.81638,14.9,32.7
S130,BP12,St09,Nishigasaki,BP12-St09-Nishigasaki,2018/02/06,13:35,35.10222,139.82513,15.1,33.2
S131,BP12,St10,Myogane,BP12-St10-Myogane,2018/02/06,12:55,35.15486,139.81827,15.8,32.2
S132,BP12,St11,Tsuhama,BP12-St11-Tsuhama,2018/02/06,12:15,35.20642,139.83721,13.8,32.2
S133,BP13,St01,Isumi,BP13-St01-Isumi,2018/02/25,9:00,35.2045,140.39271,13.5,31.6
S134,BP13,St02,Katsuura,BP13-St02-Katuura,2018/02/25,9:45,35.14086,140.2901,14.3,32
S135,BP13,St03,Kominato,BP13-St03-Kominato,2018/02/25,10:30,35.11948,140.18467,13.6,32.1
S136,BP13,St04,Emi,BP13-St04-Emi,2018/02/25,11:30,35.05776,140.07497,14.5,32.1
S137,BP13,St05,Chikura,BP13-St05-Chikura,2018/02/25,12:25,34.94296,139.96461,13.8,32.3
S138,BP13,St06,Mera,BP13-St06-Mera,2018/02/25,13:15,34.91082,139.82425,15.1,32.5
S139,BP13,St07,Banda,BP13-St07-Banda,2018/02/25,14:05,34.97579,139.76749,14.2,32.6
S140,BP13,St08,Taibusa,BP13-St08-Taibusa,2018/02/26,7:50,35.03525,139.81591,13.7,30.9
S141,BP13,St09,Nishigasaki,BP13-St09-Nishigasaki,2018/02/26,8:45,35.1022,139.82512,13.7,31.2
S142,BP13,St10,Myogane,BP13-St10-Myogane,2018/02/26,9:30,35.15447,139.81839,13,31.5
S143,BP13,St11,Tsuhama,BP13-St11-Tsuhama,2018/02/26,10:10,35.20596,139.83665,9.8,31.2
S144,BP14,St01,Isumi,BP14-St01-Isumi,2018/03/11,8:05,35.20352,140.39288,13.9,31.9
S145,BP14,St02,Katsuura,BP14-St02-Katuura,2018/03/11,8:55,35.14059,140.29002,15,32.6
S146,BP14,St03,Kominato,BP14-St03-Kominato,2018/03/11,9:40,35.11954,140.18497,15.6,33
S147,BP14,St04,Emi,BP14-St04-Emi,2018/03/11,10:40,35.05776,140.07498,16,33
S148,BP14,St05,Chikura,BP14-St05-Chikura,2018/03/11,11:35,34.94297,139.96461,15.6,31.5
S149,BP14,St06,Mera,BP14-St06-Mera,2018/03/11,12:40,34.91089,139.8243,16.5,34.3
S150,BP14,St07,Banda,BP14-St07-Banda,2018/03/11,13:30,34.97581,139.76751,16.5,33.7
S151,BP14,St08,Taibusa,BP14-St08-Taibusa,2018/03/12,6:55,35.03554,139.81562,12.7,30.6
S152,BP14,St09,Nishigasaki,BP14-St09-Nishigasaki,2018/03/12,7:50,35.10275,139.82597,12.3,30.9
S153,BP14,St10,Myogane,BP14-St10-Myogane,2018/03/12,8:35,35.15479,139.81795,13.1,31.3
S154,BP14,St11,Tsuhama,BP14-St11-Tsuhama,2018/03/12,9:15,35.20672,139.83772,10.5,29.1
S155,BP15,St01,Isumi,BP15-St01-Isumi,2018/03/25,7:25,35.20221,140.39351,16.4,32.6
S156,BP15,St02,Katsuura,BP15-St02-Katuura,2018/03/25,8:15,35.14063,140.29001,15.7,33.5
S157,BP15,St03,Kominato,BP15-St03-Kominato,2018/03/25,9:00,35.11938,140.18339,17.3,33.7
S158,BP15,St04,Emi,BP15-St04-Emi,2018/03/25,10:10,35.05776,140.075,17.4,33.6
S159,BP15,St05,Chikura,BP15-St05-Chikura,2018/03/25,11:10,34.94293,139.96483,18.6,33.8
S160,BP15,St06,Mera,BP15-St06-Mera,2018/03/25,12:10,34.91051,139.82439,19.2,34.8
S161,BP15,St07,Banda,BP15-St07-Banda,2018/03/25,13:05,34.97581,139.76749,18.8,34.8
S162,BP15,St08,Taibusa,BP15-St08-Taibusa,2018/03/26,6:20,35.03552,139.8156,16.6,32.2
S163,BP15,St09,Nishigasaki,BP15-St09-Nishigasaki,2018/03/26,7:15,35.10219,139.82512,16,32.5
S164,BP15,St10,Myogane,BP15-St10-Myogane,2018/03/26,7:55,35.1548,139.81801,13.8,31.4
S165,BP15,St11,Tsuhama,BP15-St11-Tsuhama,2018/03/26,8:40,35.2064,139.83718,15,31.4
S166,BP16,St01,Isumi,BP16-St01-Isumi,2018/04/08,7:25,35.20272,140.3936,14.9,32.8
S167,BP16,St02,Katsuura,BP16-St02-Katuura,2018/04/08,8:15,35.14063,140.29013,15.9,33.2
S168,BP16,St03,Kominato,BP16-St03-Kominato,2018/04/08,9:00,35.1194,140.18453,14.9,33.8
S169,BP16,St04,Emi,BP16-St04-Emi,2018/04/08,9:50,35.05777,140.07502,14.5,33.6
S170,BP16,St05,Chikura,BP16-St05-Chikura,2018/04/08,10:50,34.94294,139.96483,14.1,33.9
S171,BP16,St06,Mera,BP16-St06-Mera,2018/04/08,11:45,34.9109,139.8244,17.2,34.4
S172,BP16,St07,Banda,BP16-St07-Banda,2018/04/08,12:40,34.97578,139.76746,17.5,34.7
S173,BP16,St08,Taibusa,BP16-St08-Taibusa,2018/04/09,6:10,35.03551,139.81563,15.2,31.1
S174,BP16,St09,Nishigasaki,BP16-St09-Nishigasaki,2018/04/09,7:00,35.10221,139.82513,15.4,31.2
S175,BP16,St10,Myogane,BP16-St10-Myogane,2018/04/09,7:45,35.1548,139.818,16.3,31.6
S176,BP16,St11,Tsuhama,BP16-St11-Tsuhama,2018/04/09,8:30,35.2064,139.83721,15.5,32.5
S177,BP17,St01,Isumi,BP17-St01-Isumi,2018/04/22,7:10,35.20271,140.3936,16.6,34.1
S178,BP17,St02,Katsuura,BP17-St02-Katuura,2018/04/22,7:55,35.1406,140.29016,18.6,33.7
S179,BP17,St03,Kominato,BP17-St03-Kominato,2018/04/22,8:40,35.1194,140.18453,20,33.4
S180,BP17,St04,Emi,BP17-St04-Emi,2018/04/22,9:40,35.05777,140.075,20.2,34.8
S181,BP17,St05,Chikura,BP17-St05-Chikura,2018/04/22,10:45,34.94295,139.96482,20,34.7
S182,BP17,St06,Mera,BP17-St06-Mera,2018/04/22,11:40,34.91086,139.82421,20.2,35.4
S183,BP17,St07,Banda,BP17-St07-Banda,2018/04/22,12:30,34.97582,139.7675,20.4,35.3
S184,BP17,St08,Taibusa,BP17-St08-Taibusa,2018/04/23,6:00,35.03554,139.81561,17.4,32.8
S185,BP17,St09,Nishigasaki,BP17-St09-Nishigasaki,2018/04/23,6:50,35.10221,139.8251,17.5,32.4
S186,BP17,St10,Myogane,BP17-St10-Myogane,2018/04/23,7:35,35.15479,139.81808,17.6,32.6
S187,BP17,St11,Tsuhama,BP17-St11-Tsuhama,2018/04/23,8:20,35.2064,139.83718,17.3,32.5
S188,BP18,St01,Isumi,BP18-St01-Isumi,2018/05/06,7:10,35.20273,140.39363,17.8,33.9
S189,BP18,St02,Katsuura,BP18-St02-Katuura,2018/05/06,7:55,35.14059,140.29006,18.4,34
S190,BP18,St03,Kominato,BP18-St03-Kominato,2018/05/06,8:40,35.11943,140.18449,18.5,34.5
S191,BP18,St04,Emi,BP18-St04-Emi,2018/05/06,9:35,35.05779,140.075,19.4,34.6
S192,BP18,St05,Chikura,BP18-St05-Chikura,2018/05/06,10:35,34.94297,139.965,18.1,34.7
S193,BP18,St06,Mera,BP18-St06-Mera,2018/05/06,11:35,34.91057,139.82453,21.2,35
S194,BP18,St07,Banda,BP18-St07-Banda,2018/05/06,12:25,34.9758,139.76749,21.9,34.7
S195,BP18,St08,Taibusa,BP18-St08-Taibusa,2018/05/07,5:10,35.03532,139.81634,19.4,32.9
S196,BP18,St09,Nishigasaki,BP18-St09-Nishigasaki,2018/05/07,6:05,35.03529,139.81629,18.5,33
S197,BP18,St10,Myogane,BP18-St10-Myogane,2018/05/07,6:40,35.15483,139.81808,19.5,33.1
S198,BP18,St11,Tsuhama,BP18-St11-Tsuhama,2018/05/07,7:20,35.20638,139.8372,18.6,32.4
S199,BP19,St01,Isumi,BP19-St01-Isumi,2018/05/20,7:05,35.20641,139.8327,17.1,32.8
S200,BP19,St02,Katsuura,BP19-St02-Katuura,2018/05/20,7:45,35.14061,140.28978,17.9,33.2
S201,BP19,St03,Kominato,BP19-St03-Kominato,2018/05/20,8:25,35.11939,140.18451,18,33.6
S202,BP19,St04,Emi,BP19-St04-Emi,2018/05/20,9:20,35.05778,140.07496,18.2,33.3
S203,BP19,St05,Chikura,BP19-St05-Chikura,2018/05/20,10:20,34.94293,139.9648,18.5,34.1
S204,BP19,St06,Mera,BP19-St06-Mera,2018/05/20,11:15,34.9105,139.82438,20.4,34.5
S205,BP19,St07,Banda,BP19-St07-Banda,2018/05/20,12:05,34.97574,139.76732,19.7,34.8
S206,BP19,St08,Taibusa,BP19-St08-Taibusa,2018/05/21,5:25,35.03547,139.81574,18.5,32.3
S207,BP19,St09,Nishigasaki,BP19-St09-Nishigasaki,2018/05/21,6:15,35.1022,139.8251,18.1,32.3
S208,BP19,St10,Myogane,BP19-St10-Myogane,2018/05/21,6:55,35.15479,139.81806,18.3,31.6
S209,BP19,St11,Tsuhama,BP19-St11-Tsuhama,2018/05/21,7:35,35.20639,139.83721,19.8,32.7
S210,BP20,St01,Isumi,BP20-St01-Isumi,2018/06/06,7:10,35.2027,140.3936,20.6,34.1
S211,BP20,St02,Katsuura,BP20-St02-Katuura,2018/06/06,8:00,35.14062,140.29009,22.3,33.9
S212,BP20,St03,Kominato,BP20-St03-Kominato,2018/06/06,8:50,35.11941,140.1845,21.5,33.6
S213,BP20,St04,Emi,BP20-St04-Emi,2018/06/06,9:45,35.05777,140.07499,21.5,33
S214,BP20,St05,Chikura,BP20-St05-Chikura,2018/06/06,10:45,34.94294,139.96482,21.8,32.9
S215,BP20,St06,Mera,BP20-St06-Mera,2018/06/06,11:50,34.91051,139.82442,20.2,32.4
S216,BP20,St07,Banda,BP20-St07-Banda,2018/06/06,12:45,34.97574,139.76734,20.7,29.7
S217,BP20,St08,Taibusa,BP20-St08-Taibusa,2018/06/07,6:45,35.03554,139.81561,NA,NA
S218,BP20,St09,Nishigasaki,BP20-St09-Nishigasaki,2018/06/07,7:50,35.10221,139.82511,21.8,32.9
S219,BP20,St10,Myogane,BP20-St10-Myogane,2018/06/07,8:30,35.15481,139.81807,NA,NA
S220,BP20,St11,Tsuhama,BP20-St11-Tsuhama,2018/06/07,9:15,35.20642,139.83719,NA,NA
S221,BP21,St01,Isumi,BP21-St01-Isumi,2018/06/20,7:10,35.20367,140.39281,20.1,34
S222,BP21,St02,Katsuura,BP21-St02-Katuura,2018/06/20,8:00,35.14062,140.29007,20.5,33.7
S223,BP21,St03,Kominato,BP21-St03-Kominato,2018/06/20,8:45,35.11938,140.1845,NA,NA
S224,BP21,St04,Emi,BP21-St04-Emi,2018/06/20,10:00,35.05637,140.07282,21.4,33.1
S225,BP21,St05,Chikura,BP21-St05-Chikura,2018/06/20,10:55,34.94291,139.96441,21.6,32.7
S226,BP21,St06,Mera,BP21-St06-Mera,2018/06/20,13:05,34.91088,139.82426,21.4,31.9
S227,BP21,St07,Banda,BP21-St07-Banda,2018/06/20,13:50,34.9758,139.76751,21.2,32.8
S228,BP21,St08,Taibusa,BP21-St08-Taibusa,2018/06/21,6:45,35.03561,139.81576,21,33
S229,BP21,St09,Nishigasaki,BP21-St09-Nishigasaki,2018/06/21,7:35,35.10221,139.82512,20.7,32.7
S230,BP21,St10,Myogane,BP21-St10-Myogane,2018/06/21,8:20,35.15481,139.81814,21.3,33.2
S231,BP21,St11,Tsuhama,BP21-St11-Tsuhama,2018/06/21,9:00,35.2064,139.83719,20.6,31.1
S232,BP22,St01,Isumi,BP22-St01-Isumi,2018/07/06,6:05,35.20274,140.39361,17.7,35.4
S233,BP22,St02,Katsuura,BP22-St02-Katuura,2018/07/06,6:55,35.14061,140.2901,21.1,35.1
S234,BP22,St03,Kominato,BP22-St03-Kominato,2018/07/06,7:30,35.11975,140.18492,21.2,34.6
S235,BP22,St04,Emi,BP22-St04-Emi,2018/07/06,8:20,35.05779,140.07501,20.2,34.7
S236,BP22,St05,Chikura,BP22-St05-Chikura,2018/07/06,9:15,34.94292,139.96481,20.8,34.9
S237,BP22,St06,Mera,BP22-St06-Mera,2018/07/06,10:05,34.91073,139.82463,23.2,34.2
S238,BP22,St07,Banda,BP22-St07-Banda,2018/07/06,12:35,34.9758,139.7675,24.5,34.2
S239,BP22,St08,Taibusa,BP22-St08-Taibusa,2018/07/07,6:20,35.03552,139.81564,25.8,33.8
S240,BP22,St09,Nishigasaki,BP22-St09-Nishigasaki,2018/07/07,7:10,35.10279,139.82605,NA,NA
S241,BP22,St10,Myogane,BP22-St10-Myogane,2018/07/07,8:00,35.15479,139.81808,NA,NA
S242,BP22,St11,Tsuhama,BP22-St11-Tsuhama,2018/07/07,8:35,35.2064,139.83719,NA,NA
S243,BP23,St01,Isumi,BP23-St01-Isumi,2018/07/19,5:45,35.20274,140.39361,22.3,35.1
S244,BP23,St02,Katsuura,BP23-St02-Katuura,2018/07/19,6:45,35.14061,140.2901,25.7,32.7
S245,BP23,St03,Kominato,BP23-St03-Kominato,2018/07/19,7:35,35.11975,140.18492,25,35
S246,BP23,St04,Emi,BP23-St04-Emi,2018/07/19,8:30,35.05779,140.07501,24.6,35.3
S247,BP23,St05,Chikura,BP23-St05-Chikura,2018/07/19,9:30,34.94309,139.96449,24.2,35.6
S248,BP23,St06,Mera,BP23-St06-Mera,2018/07/19,10:25,34.91017,139.82482,28.5,35.7
S249,BP23,St07,Banda,BP23-St07-Banda,2018/07/19,11:20,34.9758,139.7675,28.1,35.7
S250,BP23,St08,Taibusa,BP23-St08-Taibusa,2018/07/20,4:35,35.03552,139.81564,26.7,34.3
S251,BP23,St09,Nishigasaki,BP23-St09-Nishigasaki,2018/07/20,5:35,35.10279,139.82605,26,33.4
S252,BP23,St10,Myogane,BP23-St10-Myogane,2018/07/20,6:15,35.15479,139.81808,26.2,34.6
S253,BP23,St11,Tsuhama,BP23-St11-Tsuhama,2018/07/20,6:55,35.2064,139.83719,26.8,33.9
S254,BP24,St01,Isumi,BP24-St01-Isumi,2018/08/02,5:35,35.20271,140.39362,23.9,34.3
S255,BP24,St02,Katsuura,BP24-St02-Katuura,2018/08/02,4:50,35.14061,140.2901,26.5,34.8
S256,BP24,St03,Kominato,BP24-St03-Kominato,2018/08/02,6:35,35.11939,140.18451,26.8,34.9
S257,BP24,St04,Emi,BP24-St04-Emi,2018/08/02,7:25,35.05771,140.07494,26,35.1
S258,BP24,St05,Chikura,BP24-St05-Chikura,2018/08/02,8:20,34.94296,139.9646,26,35.2
S259,BP24,St06,Mera,BP24-St06-Mera,2018/08/02,9:20,34.91084,139.82423,26.6,35.3
S260,BP24,St07,Banda,BP24-St07-Banda,2018/08/02,10:10,34.97578,139.7675,28.3,35.7
S261,BP24,St08,Taibusa,BP24-St08-Taibusa,2018/08/03,4:35,35.03554,139.81563,26.2,34.4
S262,BP24,St09,Nishigasaki,BP24-St09-Nishigasaki,2018/08/03,5:30,35.10218,139.82511,26.6,34.2
S263,BP24,St10,Myogane,BP24-St10-Myogane,2018/08/03,6:15,35.1548,139.81807,26.8,34.5
S264,BP24,St11,Tsuhama,BP24-St11-Tsuhama,2018/08/03,6:50,35.20641,139.83722,27.2,33.9
S265,BP25,St01,Isumi,BP25-St01-Isumi,2018/08/21,5:50,35.20273,140.39363,24.5,33.4
S266,BP25,St02,Katsuura,BP25-St02-Katuura,2018/08/21,5:00,35.14059,140.29005,25.2,34.3
S267,BP25,St03,Kominato,BP25-St03-Kominato,2018/08/21,7:00,35.11944,140.18452,26.3,34.4
S268,BP25,St04,Emi,BP25-St04-Emi,2018/08/21,7:50,35.05773,140.07496,27.6,34.6
S269,BP25,St05,Chikura,BP25-St05-Chikura,2018/08/21,8:50,34.94293,139.96469,27.6,35.2
S270,BP25,St06,Mera,BP25-St06-Mera,2018/08/21,9:45,34.91059,139.82456,28,35.6
S271,BP25,St07,Banda,BP25-St07-Banda,2018/08/21,10:40,34.97579,139.76749,27.6,35.7
S272,BP25,St08,Taibusa,BP25-St08-Taibusa,2018/08/22,5:15,35.03556,139.81561,26.1,34.1
S273,BP25,St09,Nishigasaki,BP25-St09-Nishigasaki,2018/08/22,6:10,35.10218,139.82511,25.8,33.4
S274,BP25,St10,Myogane,BP25-St10-Myogane,2018/08/22,7:00,35.15479,139.81808,26.6,30.6
S275,BP25,St11,Tsuhama,BP25-St11-Tsuhama,2018/08/22,7:40,35.20644,139.8372,26.4,31.7
S276,BP26,St01,Isumi,BP26-St01-Isumi,2018/09/02,13:50,35.20273,140.3936,24.5,34.3
S277,BP26,St02,Katsuura,BP26-St02-Katuura,2018/09/02,15:00,35.1406,140.2901,23.6,34.9
S278,BP26,St03,Kominato,BP26-St03-Kominato,2018/09/03,6:50,35.11944,140.1846,24.6,33.9
S279,BP26,St04,Emi,BP26-St04-Emi,2018/09/03,7:40,35.05777,140.07497,23.8,34.1
S280,BP26,St05,Chikura,BP26-St05-Chikura,2018/09/03,8:35,34.94295,139.9646,23,34.3
S281,BP26,St06,Mera,BP26-St06-Mera,2018/09/03,9:30,34.91089,139.82441,24.9,33.8
S282,BP26,St07,Banda,BP26-St07-Banda,2018/09/03,14:10,34.97575,139.76752,NA,NA
S283,BP26,St08,Taibusa,BP26-St08-Taibusa,2018/09/03,13:00,35.03533,139.81625,26.9,34.4
S284,BP26,St09,Nishigasaki,BP26-St09-Nishigasaki,2018/09/03,12:10,35.1022,139.82512,27,33.9
S285,BP26,St10,Myogane,BP26-St10-Myogane,2018/09/03,11:30,35.15469,139.81809,26,34
S286,BP26,St11,Tsuhama,BP26-St11-Tsuhama,2018/09/03,10:50,35.20641,139.83721,25.9,32.8
S287,BP27,St01,Isumi,BP27-St01-Isumi,2018/09/17,7:15,35.20275,140.39345,22.7,31.5
S288,BP27,St02,Katsuura,BP27-St02-Katuura,2018/09/17,8:00,35.14073,140.29016,25.1,31.9
S289,BP27,St03,Kominato,BP27-St03-Kominato,2018/09/17,8:45,35.1194,140.18458,25.8,32.2
S290,BP27,St04,Emi,BP27-St04-Emi,2018/09/17,9:40,35.05767,140.07494,26.6,32.4
S291,BP27,St05,Chikura,BP27-St05-Chikura,2018/09/17,10:40,34.94293,139.96451,26,32.1
S292,BP27,St06,Mera,BP27-St06-Mera,2018/09/17,11:30,34.91106,139.82452,26.2,31.6
S293,BP27,St07,Banda,BP27-St07-Banda,2018/09/17,12:20,34.97578,139.76753,25.9,31.9
S294,BP27,St08,Taibusa,BP27-St08-Taibusa,2018/09/18,6:10,35.03523,139.81627,24.9,31.1
S295,BP27,St09,Nishigasaki,BP27-St09-Nishigasaki,2018/09/18,7:00,35.10221,139.82511,24.9,32.1
S296,BP27,St10,Myogane,BP27-St10-Myogane,2018/09/18,7:50,35.1548,139.81809,24.8,31.2
S297,BP27,St11,Tsuhama,BP27-St11-Tsuhama,2018/09/18,8:30,35.2064,139.83721,24.4,30.6
S298,BP28,St01,Isumi,BP28-St01-Isumi,2018/10/02,7:15,35.20276,140.39351,22,31.5
S299,BP28,St02,Katsuura,BP28-St02-Katuura,2018/10/02,8:00,35.14062,140.29012,22.5,31.7
S300,BP28,St03,Kominato,BP28-St03-Kominato,2018/10/02,8:50,35.11937,140.18449,20.8,32
S301,BP28,St04,Emi,BP28-St04-Emi,2018/10/02,9:50,35.05777,140.07499,21.8,32
S302,BP28,St05,Chikura,BP28-St05-Chikura,2018/10/02,10:50,34.94294,139.96482,NA,32.8
S303,BP28,St06,Mera,BP28-St06-Mera,2018/10/02,11:50,34.91088,139.82427,23.6,32
S304,BP28,St07,Banda,BP28-St07-Banda,2018/10/02,12:40,34.97577,139.76751,24.3,31.9
S305,BP28,St08,Taibusa,BP28-St08-Taibusa,2018/10/03,6:00,35.03514,139.81619,23.2,31.3
S306,BP28,St09,Nishigasaki,BP28-St09-Nishigasaki,2018/10/03,6:55,35.1022,139.82511,23.3,31.4
S307,BP28,St10,Myogane,BP28-St10-Myogane,2018/10/03,7:40,35.15479,139.81808,23.5,31.6
S308,BP28,St11,Tsuhama,BP28-St11-Tsuhama,2018/10/03,8:20,35.20655,139.83722,23.2,30.8
S309,BP29,St01,Isumi,BP29-St01-Isumi,2018/10/16,9:35,35.20343,140.39289,22.5,31.5
S310,BP29,St02,Katsuura,BP29-St02-Katuura,2018/10/16,10:25,35.1406,140.29003,22.5,34
S311,BP29,St03,Kominato,BP29-St03-Kominato,2018/10/16,11:05,35.11942,140.18447,23.7,34.3
S312,BP29,St04,Emi,BP29-St04-Emi,2018/10/16,12:00,35.05773,140.07496,24.8,34.1
S313,BP29,St05,Chikura,BP29-St05-Chikura,2018/10/16,13:30,34.94295,139.96462,23.2,33.7
S314,BP29,St06,Mera,BP29-St06-Mera,2018/10/16,14:25,34.9108,139.82433,23.3,33.9
S315,BP29,St07,Banda,BP29-St07-Banda,2018/10/16,15:10,34.97576,139.76748,22.8,33.6
S316,BP29,St08,Taibusa,BP29-St08-Taibusa,2018/10/17,7:50,35.03517,139.81627,23.8,32.8
S317,BP29,St09,Nishigasaki,BP29-St09-Nishigasaki,2018/10/17,8:40,35.1021,139.82528,21.4,33.3
S318,BP29,St10,Myogane,BP29-St10-Myogane,2018/10/17,9:25,35.1548,139.81806,22.2,32.8
S319,BP29,St11,Tsuhama,BP29-St11-Tsuhama,2018/10/17,10:00,35.20642,139.83721,22.5,32
S320,BP30,St01,Isumi,BP30-St01-Isumi,2018/10/31,7:45,35.20269,140.3936,19.3,31.7
S321,BP30,St02,Katsuura,BP30-St02-Katuura,2018/10/31,8:35,35.1406,140.29009,20.3,32.2
S322,BP30,St03,Kominato,BP30-St03-Kominato,2018/10/31,9:15,35.11944,140.18456,20.6,31.8
S323,BP30,St04,Emi,BP30-St04-Emi,2018/10/31,10:15,35.0577,140.07492,20,32.3
S324,BP30,St05,Chikura,BP30-St05-Chikura,2018/10/31,11:10,34.94295,139.9646,19.8,32.2
S325,BP30,St06,Mera,BP30-St06-Mera,2018/10/31,12:05,34.91089,139.82442,21,32.2
S326,BP30,St07,Banda,BP30-St07-Banda,2018/10/31,12:55,34.97578,139.76749,21.3,32.3
S327,BP30,St08,Taibusa,BP30-St08-Taibusa,2018/11/01,6:30,35.03524,139.81628,19.4,31.6
S328,BP30,St09,Nishigasaki,BP30-St09-Nishigasaki,2018/11/01,7:25,35.10219,139.82511,20.5,32.3
S329,BP30,St10,Myogane,BP30-St10-Myogane,2018/11/01,8:10,35.15478,139.81809,20.7,32
S330,BP30,St11,Tsuhama,BP30-St11-Tsuhama,2018/11/01,8:50,35.2064,139.83719,19.1,32
S331,BP31,St01,Isumi,BP31-St01-Isumi,2018/11/12,9:13,35.2035,140.3929,19.6,30.3
S332,BP31,St02,Katsuura,BP31-St02-Katuura,2018/11/12,10:11,35.141,140.29,21.1,30.5
S333,BP31,St03,Kominato,BP31-St03-Kominato,2018/11/12,10:59,35.1195,140.1847,22.7,30.7
S334,BP31,St04,Emi,BP31-St04-Emi,2018/11/12,11:53,35.0577,140.075,22.9,32.2
S335,BP31,St05,Chikura,BP31-St05-Chikura,2018/11/12,13:06,34.943,139.9643,23.5,32
S336,BP31,St06,Mera,BP31-St06-Mera,2018/11/12,13:56,34.9108,139.8245,22.9,32.5
S337,BP31,St07,Banda,BP31-St07-Banda,2018/11/12,14:44,34.9758,139.7678,22.2,32.1
S338,BP31,St08,Taibusa,BP31-St08-Taibusa,2018/11/13,8:09,35.0352,139.8163,20.8,29.9
S339,BP31,St09,Nishigasaki,BP31-St09-Nishigasaki,2018/11/13,8:59,35.1021,139.8253,20.2,30.3
S340,BP31,St10,Myogane,BP31-St10-Myogane,2018/11/13,9:37,35.1548,139.8181,20.6,30.4
S341,BP31,St11,Tsuhama,BP31-St11-Tsuhama,2018/11/13,10:14,35.2064,139.8372,19.5,29.8
S342,BP32,St01,Isumi,BP32-St01-Isumi,2018/11/29,7:50,35.20358,140.39284,17.5,31
S343,BP32,St02,Katsuura,BP32-St02-Katuura,2018/11/29,8:40,35.14057,140.29014,18.5,32
S344,BP32,St03,Kominato,BP32-St03-Kominato,2018/11/29,9:25,35.11943,140.18455,19.1,32.3
S345,BP32,St04,Emi,BP32-St04-Emi,2018/11/29,10:25,35.05769,140.07492,19.9,32.5
S346,BP32,St05,Chikura,BP32-St05-Chikura,2018/11/29,11:30,34.94294,139.96458,19.2,31.4
S347,BP32,St06,Mera,BP32-St06-Mera,2018/11/29,12:20,34.91085,139.82425,19.8,32.5
S348,BP32,St07,Banda,BP32-St07-Banda,2018/11/29,13:10,34.97578,139.76749,19.8,32.5
S349,BP32,St08,Taibusa,BP32-St08-Taibusa,2018/11/30,7:05,35.03515,139.81627,18.3,32.5
S350,BP32,St09,Nishigasaki,BP32-St09-Nishigasaki,2018/11/30,8:00,35.10221,139.82512,18.9,32.7
S351,BP32,St10,Myogane,BP32-St10-Myogane,2018/11/30,8:45,35.1548,139.81809,18.7,32.6
S352,BP32,St11,Tsuhama,BP32-St11-Tsuhama,2018/11/30,9:25,35.20637,139.83723,16,31.9
S353,BP33,St01,Isumi,BP33-St01-Isumi,2018/12/14,7:55,35.20271,140.39352,11.9,31.2
S354,BP33,St02,Katsuura,BP33-St02-Katuura,2018/12/14,8:50,35.1406,140.29009,18.1,32.7
S355,BP33,St03,Kominato,BP33-St03-Kominato,2018/12/14,9:35,35.11938,140.18451,17.9,32.4
S356,BP33,St04,Emi,BP33-St04-Emi,2018/12/14,10:35,35.05773,140.07494,16.7,32.6
S357,BP33,St05,Chikura,BP33-St05-Chikura,2018/12/14,11:30,34.94296,139.96461,15.9,32.3
S358,BP33,St06,Mera,BP33-St06-Mera,2018/12/14,12:20,34.91087,139.82424,17.4,32.5
S359,BP33,St07,Banda,BP33-St07-Banda,2018/12/14,13:15,34.9757,139.76757,18.9,32.6
S360,BP33,St08,Taibusa,BP33-St08-Taibusa,2018/12/15,6:55,35.03553,139.81562,17.3,32.8
S361,BP33,St09,Nishigasaki,BP33-St09-Nishigasaki,2018/12/15,7:45,35.10226,139.82589,15.5,32.7
S362,BP33,St10,Myogane,BP33-St10-Myogane,2018/12/15,8:30,35.15481,139.81807,17.8,33
S363,BP33,St11,Tsuhama,BP33-St11-Tsuhama,2018/12/15,9:10,35.20637,139.81807,11.9,31.4
S364,BP34,St01,Isumi,BP34-St01-Isumi,2018/12/28,7:55,35.20273,140.39364,16.2,32.5
S365,BP34,St02,Katsuura,BP34-St02-Katuura,2018/12/28,8:45,35.14062,140.29004,15.9,32.6
S366,BP34,St03,Kominato,BP34-St03-Kominato,2018/12/28,9:30,35.11939,140.1845,17.4,32.5
S367,BP34,St04,Emi,BP34-St04-Emi,2018/12/28,10:30,35.05772,140.07494,17.2,32.9
S368,BP34,St05,Chikura,BP34-St05-Chikura,2018/12/28,11:50,34.94294,139.96461,16.4,32.9
S369,BP34,St06,Mera,BP34-St06-Mera,2018/12/28,12:50,34.91088,139.82428,17.2,32.8
S370,BP34,St07,Banda,BP34-St07-Banda,2018/12/28,13:45,34.97579,139.76757,16,33
S371,BP34,St08,Taibusa,BP34-St08-Taibusa,2018/12/29,7:05,35.03553,139.81561,16.8,33.1
S372,BP34,St09,Nishigasaki,BP34-St09-Nishigasaki,2018/12/29,8:05,35.1022,139.82511,16.1,32.7
S373,BP34,St10,Myogane,BP34-St10-Myogane,2018/12/29,8:55,35.15496,139.81821,16.8,32.7
S374,BP34,St11,Tsuhama,BP34-St11-Tsuhama,2018/12/29,9:35,35.20641,139.83719,11.8,32.8
S375,BP35,St01,Isumi,BP35-St01-Isumi,2019/01/14,7:45,35.20267,140.39357,12,32.9
S376,BP35,St02,Katsuura,BP35-St02-Katuura,2019/01/14,8:35,35.14052,140.29021,14.5,32.3
S377,BP35,St03,Kominato,BP35-St03-Kominato,2019/01/14,9:25,35.11938,140.18447,15.5,32.4
S378,BP35,St04,Emi,BP35-St04-Emi,2019/01/14,10:20,35.05769,140.07492,15.9,32.9
S379,BP35,St05,Chikura,BP35-St05-Chikura,2019/01/14,11:40,34.94299,139.96458,15.6,33
S380,BP35,St06,Mera,BP35-St06-Mera,2019/01/14,12:35,34.91087,139.82425,15.8,32.9
S381,BP35,St07,Banda,BP35-St07-Banda,2019/01/14,13:25,34.97578,139.76753,16.6,33.1
S382,BP35,St08,Taibusa,BP35-St08-Taibusa,2019/01/15,6:50,35.03516,139.81625,15.9,32.8
S383,BP35,St09,Nishigasaki,BP35-St09-Nishigasaki,2019/01/15,7:45,35.1022,139.82511,16.4,33.2
S384,BP35,St10,Myogane,BP35-St10-Myogane,2019/01/15,8:30,35.15481,139.81808,16.1,33.1
S385,BP35,St11,Tsuhama,BP35-St11-Tsuhama,2019/01/15,9:10,35.20639,139.83719,15.1,33
S386,BP36,St01,Isumi,BP36-St01-Isumi,2019/01/31,9:45,35.2027,140.39356,11.6,33.4
S387,BP36,St02,Katsuura,BP36-St02-Katuura,2019/01/31,9:00,35.14065,140.29027,13.3,33.3
S388,BP36,St03,Kominato,BP36-St03-Kominato,2019/01/31,8:15,35.11939,140.1845,14.4,33.2
S389,BP36,St04,Emi,BP36-St04-Emi,2019/01/31,7:20,35.05771,140.07497,13.7,33.2
S390,BP36,St05,Chikura,BP36-St05-Chikura,2019/01/31,6:25,34.94294,139.96461,13.1,33.2
S391,BP36,St06,Mera,BP36-St06-Mera,2019/01/30,15:35,34.91084,139.82427,15.2,33.1
S392,BP36,St07,Banda,BP36-St07-Banda,2019/01/30,14:50,34.9758,139.76749,16,33.1
S393,BP36,St08,Taibusa,BP36-St08-Taibusa,2019/01/30,13:50,35.03535,139.81645,15.5,32.7
S394,BP36,St09,Nishigasaki,BP36-St09-Nishigasaki,2019/01/30,13:00,35.1027,139.8251,15.7,33
S395,BP36,St10,Myogane,BP36-St10-Myogane,2019/01/30,12:20,35.15481,139.81807,15.5,33
S396,BP36,St11,Tsuhama,BP36-St11-Tsuhama,2019/01/30,11:05,35.20639,139.83719,9.9,32.3
S397,BP37,St01,Isumi,BP37-St01-Isumi,2019/02/14,8:00,35.20271,140.39364,13.1,33
S398,BP37,St02,Katsuura,BP37-St02-Katuura,2019/02/14,8:50,35.14055,140.29024,13.2,33.4
S399,BP37,St03,Kominato,BP37-St03-Kominato,2019/02/14,9:30,35.11939,140.1845,13,32.8
S400,BP37,St04,Emi,BP37-St04-Emi,2019/02/14,10:30,35.05776,140.07499,13.2,33.3
S401,BP37,St05,Chikura,BP37-St05-Chikura,2019/02/14,11:45,34.94297,139.96462,12.9,33.3
S402,BP37,St06,Mera,BP37-St06-Mera,2019/02/14,12:35,34.91084,139.82425,14.8,33.2
S403,BP37,St07,Banda,BP37-St07-Banda,2019/02/14,13:30,34.97575,139.76748,13.8,32.6
S404,BP37,St08,Taibusa,BP37-St08-Taibusa,2019/02/15,6:25,35.03509,139.8162,15.7,33.2
S405,BP37,St09,Nishigasaki,BP37-St09-Nishigasaki,2019/02/15,7:20,35.10221,139.8251,15.2,33.2
S406,BP37,St10,Myogane,BP37-St10-Myogane,2019/02/15,8:10,35.15469,139.81813,15.4,33.3
S407,BP37,St11,Tsuhama,BP37-St11-Tsuhama,2019/02/15,8:50,35.20639,139.83772,11.3,33.3
S408,BP38,St01,Isumi,BP38-St01-Isumi,2019/02/27,7:45,35.20266,140.39363,13.3,32.8
S409,BP38,St02,Katsuura,BP38-St02-Katuura,2019/02/27,8:35,35.14052,140.29014,14.1,32.9
S410,BP38,St03,Kominato,BP38-St03-Kominato,2019/02/27,9:20,35.11941,140.18452,14.2,33.3
S411,BP38,St04,Emi,BP38-St04-Emi,2019/02/27,10:15,35.05773,140.07495,14.5,33.3
S412,BP38,St05,Chikura,BP38-St05-Chikura,2019/02/27,11:30,34.94294,139.96467,14.2,33.2
S413,BP38,St06,Mera,BP38-St06-Mera,2019/02/27,12:30,34.91083,139.82423,14.7,31.4
S414,BP38,St07,Banda,BP38-St07-Banda,2019/02/27,13:15,34.97579,139.76751,14.6,33.1
S415,BP38,St08,Taibusa,BP38-St08-Taibusa,2019/02/28,6:20,35.03525,139.81625,14.2,33.1
S416,BP38,St09,Nishigasaki,BP38-St09-Nishigasaki,2019/02/28,7:10,35.10219,139.82511,14.5,33.3
S417,BP38,St10,Myogane,BP38-St10-Myogane,2019/02/28,7:50,35.1548,139.8181,14.6,33.3
S418,BP38,St11,Tsuhama,BP38-St11-Tsuhama,2019/02/28,8:30,35.20633,139.83728,12,32.8
S419,BP39,St01,Isumi,BP39-St01-Isumi,2019/03/15,7:45,35.20272,140.39363,13,33.2
S420,BP39,St02,Katsuura,BP39-St02-Katuura,2019/03/15,8:40,35.1406,140.29006,13.5,33.2
S421,BP39,St03,Kominato,BP39-St03-Kominato,2019/03/15,9:25,35.11938,140.1845,14.7,NA
S422,BP39,St04,Emi,BP39-St04-Emi,2019/03/15,10:30,35.05776,140.075,14.6,33.2
S423,BP39,St05,Chikura,BP39-St05-Chikura,2019/03/15,11:45,34.94293,139.96467,14.2,33.2
S424,BP39,St06,Mera,BP39-St06-Mera,2019/03/15,12:50,34.91084,139.82424,14.7,33.2
S425,BP39,St07,Banda,BP39-St07-Banda,2019/03/15,13:40,34.97579,139.7675,16.7,33.2
S426,BP39,St08,Taibusa,BP39-St08-Taibusa,2019/03/16,6:00,35.03519,139.81625,15.9,33.1
S427,BP39,St09,Nishigasaki,BP39-St09-Nishigasaki,2019/03/16,6:55,35.10218,139.82512,15.7,33.1
S428,BP39,St10,Myogane,BP39-St10-Myogane,2019/03/16,7:35,35.1548,139.81807,14.4,32.6
S429,BP39,St11,Tsuhama,BP39-St11-Tsuhama,2019/03/16,8:10,35.2064,139.83721,13.7,32.6
S430,BP40,St01,Isumi,BP40-St01-Isumi,2019/03/28,7:40,35.20273,140.39363,14.9,31.9
S431,BP40,St02,Katsuura,BP40-St02-Katuura,2019/03/28,8:30,35.14062,140.29012,15,32.4
S432,BP40,St03,Kominato,BP40-St03-Kominato,2019/03/28,9:15,35.11947,140.18454,15.4,32.4
S433,BP40,St04,Emi,BP40-St04-Emi,2019/03/28,10:15,35.05777,140.07501,15.7,32.5
S434,BP40,St05,Chikura,BP40-St05-Chikura,2019/03/28,11:25,34.94295,139.96468,15.7,32.7
S435,BP40,St06,Mera,BP40-St06-Mera,2019/03/28,12:20,34.91084,139.82426,15.4,31.4
S436,BP40,St07,Banda,BP40-St07-Banda,2019/03/28,13:10,34.97578,139.7675,17,32.2
S437,BP40,St08,Taibusa,BP40-St08-Taibusa,2019/03/29,6:05,35.03526,139.81643,15.9,32.3
S438,BP40,St09,Nishigasaki,BP40-St09-Nishigasaki,2019/03/29,7:00,35.1022,139.82509,16,32.6
S439,BP40,St10,Myogane,BP40-St10-Myogane,2019/03/29,7:40,35.15481,139.8181,15.8,32.5
S440,BP40,St11,Tsuhama,BP40-St11-Tsuhama,2019/03/29,8:20,35.20641,139.83719,13.5,31.7
S441,BP41,St01,Isumi,BP41-St01-Isumi,2019/04/12,7:40,35.20432,140.3927,13.5,29.7
S442,BP41,St02,Katsuura,BP41-St02-Katuura,2019/04/12,8:30,35.1406,140.29013,14.1,32
S443,BP41,St03,Kominato,BP41-St03-Kominato,2019/04/12,9:25,35.11941,140.1845,15.8,32.1
S444,BP41,St04,Emi,BP41-St04-Emi,2019/04/12,10:20,35.05774,140.07494,15.2,32.3
S445,BP41,St05,Chikura,BP41-St05-Chikura,2019/04/12,11:30,34.94295,139.96467,14,32.3
S446,BP41,St06,Mera,BP41-St06-Mera,2019/04/12,12:20,34.91085,139.82425,15,32.5
S447,BP41,St07,Banda,BP41-St07-Banda,2019/04/12,13:05,34.97578,139.76752,14.1,32.2
S448,BP41,St08,Taibusa,BP41-St08-Taibusa,2019/04/13,5:20,35.03521,139.81636,15.4,32.3
S449,BP41,St09,Nishigasaki,BP41-St09-Nishigasaki,2019/04/13,6:15,35.10206,139.825,14.9,32.6
S450,BP41,St10,Myogane,BP41-St10-Myogane,2019/04/13,7:00,35.15481,139.81809,15.1,32.5
S451,BP41,St11,Tsuhama,BP41-St11-Tsuhama,2019/04/13,7:40,35.20639,139.83721,13.5,31.7
S452,BP42,St01,Isumi,BP42-St01-Isumi,2019/04/26,7:45,35.20407,140.39279,13.6,31.8
S453,BP42,St02,Katsuura,BP42-St02-Katuura,2019/04/26,8:35,35.14059,140.29004,16.7,31.9
S454,BP42,St03,Kominato,BP42-St03-Kominato,2019/04/26,9:20,35.11939,140.18452,15.4,31.5
S455,BP42,St04,Emi,BP42-St04-Emi,2019/04/26,10:00,35.05776,140.075,15.7,31.1
S456,BP42,St05,Chikura,BP42-St05-Chikura,2019/04/26,11:25,34.94294,139.96483,16.3,31.9
S457,BP42,St06,Mera,BP42-St06-Mera,2019/04/26,12:15,34.91084,139.82425,16.9,32.3
S458,BP42,St07,Banda,BP42-St07-Banda,2019/04/26,13:00,34.97578,139.76752,17.1,31.1
S459,BP42,St08,Taibusa,BP42-St08-Taibusa,2019/04/27,6:35,35.03505,139.81625,17.3,32.3
S460,BP42,St09,Nishigasaki,BP42-St09-Nishigasaki,2019/04/27,7:30,35.10219,139.82511,16.8,32.3
S461,BP42,St10,Myogane,BP42-St10-Myogane,2019/04/27,8:30,35.1548,139.81809,16.7,32.4
S462,BP42,St11,Tsuhama,BP42-St11-Tsuhama,2019/04/27,9:10,35.20566,139.83595,16.2,31.8
S463,BP43,St01,Isumi,BP43-St01-Isumi,2019/05/12,7:40,35.20272,140.39363,14.4,32.1
S464,BP43,St02,Katsuura,BP43-St02-Katuura,2019/05/12,8:35,35.14065,140.2901,17.9,32
S465,BP43,St03,Kominato,BP43-St03-Kominato,2019/05/12,9:35,35.11939,140.18451,17.2,32
S466,BP43,St04,Emi,BP43-St04-Emi,2019/05/12,10:40,35.05777,140.075,19.1,32
S467,BP43,St05,Chikura,BP43-St05-Chikura,2019/05/12,11:50,34.94293,139.96496,17.2,32.1
S468,BP43,St06,Mera,BP43-St06-Mera,2019/05/12,12:55,34.91051,139.82437,19.4,32.2
S469,BP43,St07,Banda,BP43-St07-Banda,2019/05/12,13:45,34.9758,139.76751,19.2,32.3
S470,BP43,St08,Taibusa,BP43-St08-Taibusa,2019/05/13,5:30,35.03516,139.81628,19,32.2
S471,BP43,St09,Nishigasaki,BP43-St09-Nishigasaki,2019/05/13,6:35,35.1022,139.82509,18.6,32.3
S472,BP43,St10,Myogane,BP43-St10-Myogane,2019/05/13,7:15,35.15479,139.81807,18.2,32.2
S473,BP43,St11,Tsuhama,BP43-St11-Tsuhama,2019/05/13,7:55,35.20566,139.83596,18.1,31.6
S474,BP44,St01,Isumi,BP44-St01-Isumi,2019/05/26,7:40,35.20271,140.39369,15.2,31.8
S475,BP44,St02,Katsuura,BP44-St02-Katuura,2019/05/26,9:10,35.14057,140.29005,21.4,32
S476,BP44,St03,Kominato,BP44-St03-Kominato,2019/05/26,10:40,35.11947,140.18501,20.4,31.9
S477,BP44,St04,Emi,BP44-St04-Emi,2019/05/26,12:25,35.05682,140.07443,21.4,32.3
S478,BP44,St05,Chikura,BP44-St05-Chikura,2019/05/26,13:30,34.943,139.9652,19.2,31.8
S479,BP44,St06,Mera,BP44-St06-Mera,2019/05/26,14:25,34.91082,139.8242,20.3,32.4
S480,BP44,St07,Banda,BP44-St07-Banda,2019/05/27,4:35,34.97577,139.76748,19.8,31.8
S481,BP44,St08,Taibusa,BP44-St08-Taibusa,2019/05/27,6:05,35.03517,139.81626,20.4,32
S482,BP44,St09,Nishigasaki,BP44-St09-Nishigasaki,2019/05/27,7:25,35.10221,139.82509,21.3,31.7
S483,BP44,St10,Myogane,BP44-St10-Myogane,2019/05/27,8:25,35.15479,139.81795,21.4,30.5
S484,BP44,St11,Tsuhama,BP44-St11-Tsuhama,2019/05/27,9:20,35.20568,139.83597,22.2,29.7
S485,BP45,St01,Isumi,BP45-St01-Isumi,2019/06/09,7:45,35.20568,140.39367,17,31
S486,BP45,St02,Katsuura,BP45-St02-Katuura,2019/06/09,8:30,35.14076,140.29005,17.6,31.3
S487,BP45,St03,Kominato,BP45-St03-Kominato,2019/06/09,9:15,35.11952,140.18477,17.1,31.7
S488,BP45,St04,Emi,BP45-St04-Emi,2019/06/09,10:05,35.05776,140.075,18,31.8
S489,BP45,St05,Chikura,BP45-St05-Chikura,2019/06/09,11:25,34.94296,139.96511,18,31.3
S490,BP45,St06,Mera,BP45-St06-Mera,2019/06/09,12:25,34.91035,139.82504,20.7,31.4
S491,BP45,St07,Banda,BP45-St07-Banda,2019/06/09,13:30,34.97579,139.76748,20.3,31.6
S492,BP45,St08,Taibusa,BP45-St08-Taibusa,2019/06/10,5:35,35.03516,139.81626,20,31.4
S493,BP45,St09,Nishigasaki,BP45-St09-Nishigasaki,2019/06/10,6:25,35.10221,139.82511,19.4,31.7
S494,BP45,St10,Myogane,BP45-St10-Myogane,2019/06/10,7:10,35.15456,139.81821,19.4,31.8
S495,BP45,St11,Tsuhama,BP45-St11-Tsuhama,2019/06/10,7:50,35.20566,139.83597,19.3,29.9
S496,BP46,St01,Isumi,BP46-St01-Isumi,2019/06/23,7:35,35.20269,140.39359,19.2,32.1
S497,BP46,St02,Katsuura,BP46-St02-Katuura,2019/06/23,8:25,35.14059,140.29011,20.2,32
S498,BP46,St03,Kominato,BP46-St03-Kominato,2019/06/23,9:10,35.11949,140.18492,19.7,31.4
S499,BP46,St04,Emi,BP46-St04-Emi,2019/06/23,10:00,35.05776,140.07498,20.6,32
S500,BP46,St05,Chikura,BP46-St05-Chikura,2019/06/23,11:10,34.94296,139.96511,19.4,32
S501,BP46,St06,Mera,BP46-St06-Mera,2019/06/23,12:10,34.91646,139.82295,21,31.3
S502,BP46,St07,Banda,BP46-St07-Banda,2019/06/23,12:55,34.97577,139.76749,21.6,31.8
S503,BP46,St08,Taibusa,BP46-St08-Taibusa,2019/06/24,6:35,35.03519,139.81632,21.7,30.9
S504,BP46,St09,Nishigasaki,BP46-St09-Nishigasaki,2019/06/24,7:25,35.1022,139.82513,21.3,31.7
S505,BP46,St10,Myogane,BP46-St10-Myogane,2019/06/24,8:10,35.15454,139.8182,21.3,31.7
S506,BP46,St11,Tsuhama,BP46-St11-Tsuhama,2019/06/24,8:45,35.20564,139.83593,21.2,30.7
S507,BP47,St01,Isumi,BP47-St01-Isumi,2019/07/07,7:40,35.20502,140.39263,20.8,29.1
S508,BP47,St02,Katsuura,BP47-St02-Katuura,2019/07/07,8:25,35.14062,140.28996,19.5,29.9
S509,BP47,St03,Kominato,BP47-St03-Kominato,2019/07/07,9:10,35.11951,140.18492,19.3,30.8
S510,BP47,St04,Emi,BP47-St04-Emi,2019/07/07,10:05,35.05777,140.07499,20.5,31.1
S511,BP47,St05,Chikura,BP47-St05-Chikura,2019/07/07,11:20,34.94295,139.96502,20.1,30
S512,BP47,St06,Mera,BP47-St06-Mera,2019/07/07,12:30,34.91672,139.82317,22.1,29
S513,BP47,St07,Banda,BP47-St07-Banda,2019/07/07,13:15,34.97577,139.76751,22,30
S514,BP47,St08,Taibusa,BP47-St08-Taibusa,2019/07/08,5:35,35.03516,139.81624,19.3,31.9
S515,BP47,St09,Nishigasaki,BP47-St09-Nishigasaki,2019/07/08,6:25,35.10221,139.82513,19,32.1
S516,BP47,St10,Myogane,BP47-St10-Myogane,2019/07/08,7:00,35.15008,139.81835,19.2,31.3
S517,BP47,St11,Tsuhama,BP47-St11-Tsuhama,2019/07/08,7:35,35.20551,139.83597,20.4,27.9
S518,BP48,St01,Isumi,BP48-St01-Isumi,2019/07/24,6:40,35.20273,140.39355,22.5,30.5
S519,BP48,St02,Katsuura,BP48-St02-Katuura,2019/07/24,5:40,35.14067,140.29017,23.7,30.2
S520,BP48,St03,Kominato,BP48-St03-Kominato,2019/07/24,7:40,35.11951,140.18495,24.1,31.1
S521,BP48,St04,Emi,BP48-St04-Emi,2019/07/24,8:30,35.05777,140.07497,23.5,31.5
S522,BP48,St05,Chikura,BP48-St05-Chikura,2019/07/24,9:25,34.94295,139.9646,24.3,31.2
S523,BP48,St06,Mera,BP48-St06-Mera,2019/07/24,10:30,34.91647,139.82298,24.5,32
S524,BP48,St07,Banda,BP48-St07-Banda,2019/07/25,4:30,34.97579,139.7675,24.9,31.3
S525,BP48,St08,Taibusa,BP48-St08-Taibusa,2019/07/25,5:30,35.03516,139.81627,25,31.3
S526,BP48,St09,Nishigasaki,BP48-St09-Nishigasaki,2019/07/25,6:20,35.10219,139.82509,24.6,30.3
S527,BP48,St10,Myogane,BP48-St10-Myogane,2019/07/25,7:05,35.15512,139.8181,25,28.9
S528,BP48,St11,Tsuhama,BP48-St11-Tsuhama,2019/07/25,7:40,35.20566,139.83594,24.9,27.9
S529,BP49,St01,Isumi,BP49-St01-Isumi,2019/08/07,5:40,35.14062,140.29005,22.4,31.8
S530,BP49,St02,Katsuura,BP49-St02-Katuura,2019/08/07,4:50,35.14053,140.29002,26,31
S531,BP49,St03,Kominato,BP49-St03-Kominato,2019/08/07,6:35,35.11953,140.18494,24.9,31.5
S532,BP49,St04,Emi,BP49-St04-Emi,2019/08/07,7:30,35.05777,140.07497,24.8,31.7
S533,BP49,St05,Chikura,BP49-St05-Chikura,2019/08/07,8:25,34.94295,139.96461,25.4,31.8
S534,BP49,St06,Mera,BP49-St06-Mera,2019/08/07,9:25,34.9165,139.82301,24.5,31.6
S535,BP49,St07,Banda,BP49-St07-Banda,2019/08/08,4:55,34.97594,139.7679,26.3,31.5
S536,BP49,St08,Taibusa,BP49-St08-Taibusa,2019/08/08,5:55,35.03517,139.81623,26.8,31.3
S537,BP49,St09,Nishigasaki,BP49-St09-Nishigasaki,2019/08/08,6:45,35.10218,139.8251,26.5,31.5
S538,BP49,St10,Myogane,BP49-St10-Myogane,2019/08/08,7:25,35.15456,139.81818,26.7,31.3
S539,BP49,St11,Tsuhama,BP49-St11-Tsuhama,2019/08/08,8:00,35.20567,139.83595,26.7,30.8
S540,BP50,St01,Isumi,BP50-St01-Isumi,2019/08/22,6:10,35.20272,140.39363,23.8,31.5
S541,BP50,St02,Katsuura,BP50-St02-Katuura,2019/08/22,5:25,35.14062,140.29004,24.4,31.5
S542,BP50,St03,Kominato,BP50-St03-Kominato,2019/08/22,7:20,35.11954,140.18495,24.4,31.6
S543,BP50,St04,Emi,BP50-St04-Emi,2019/08/22,8:15,35.05776,140.07498,NA,NA
S544,BP50,St05,Chikura,BP50-St05-Chikura,2019/08/22,10:30,34.94296,139.96466,27.6,NA
S545,BP50,St06,Mera,BP50-St06-Mera,2019/08/22,11:30,34.91643,139.82298,28.9,NA
S546,BP50,St07,Banda,BP50-St07-Banda,2019/08/22,12:15,34.97598,139.76749,29.2,NA
S547,BP50,St08,Taibusa,BP50-St08-Taibusa,2019/08/23,5:05,35.03526,139.81638,27.1,NA
S548,BP50,St09,Nishigasaki,BP50-St09-Nishigasaki,2019/08/23,5:55,35.1022,139.82514,27.1,NA
S549,BP50,St10,Myogane,BP50-St10-Myogane,2019/08/23,6:30,35.15568,139.81826,27.4,NA
S550,BP50,St11,Tsuhama,BP50-St11-Tsuhama,2019/08/23,7:00,35.20442,139.83442,27.4,NA